{
    "mean": {
        "alt_mean": 6508.05632783765,
        "mean_motion": 8.024119531129536,
        "e": 0.3868673438766413,
        "i": 36.6566058,
        "bstar": 0.0012909167075192975,
        "F10_7": 130.63833375156838,
        "Kp": 155.18062735257215,
        "Ap": 11.211242158092848,
        "decay_rate": 18.58249390988962
    },
    "std": {
        "alt_mean": 4653.967299115461,
        "mean_motion": 4.986142236393992,
        "e": 0.26764640993514627,
        "i": 18.8421292446306,
        "bstar": 0.00400175186583374,
        "F10_7": 50.94260606959651,
        "Kp": 90.36506869129065,
        "Ap": 13.90180601886005,
        "decay_rate": 763.6803346363231
    }
}